{
  "_note": "Golden reference values, validated by run_everything.py. Heuristics + Base obj are community-independent. +Comm obj and the backbones were updated for the corrected 49-site community partition (computed exactly via the binary surrogate; Base obj reproduces Gurobi bit-for-bit, so these are canonical). +Size / +Comm+Size objectives are bilinear (Gurobi-only) and left null; run `python run_everything.py --update-refs` after a Gurobi solve to record them.",
  "heuristics": {
    "M1 constant Greedy": {
      "score": 1.84664,
      "set": [
        4,
        10,
        15,
        16,
        17,
        19,
        20,
        21,
        26,
        27,
        28,
        30,
        31,
        32,
        36,
        37,
        40,
        41,
        44,
        47,
        49,
        51,
        52,
        53,
        54
      ]
    },
    "M1 constant Swap": {
      "score": 1.880054,
      "set": [
        10,
        12,
        15,
        16,
        17,
        20,
        21,
        26,
        28,
        29,
        31,
        32,
        33,
        36,
        37,
        40,
        41,
        44,
        47,
        49,
        51,
        52,
        53,
        54,
        59
      ]
    },
    "M1 constant Stingy": {
      "score": 1.880054,
      "set": [
        10,
        12,
        15,
        16,
        17,
        20,
        21,
        26,
        28,
        29,
        31,
        32,
        33,
        36,
        37,
        40,
        41,
        44,
        47,
        49,
        51,
        52,
        53,
        54,
        59
      ]
    },
    "M2 constant Greedy": {
      "score": 1.692871,
      "set": [
        4,
        10,
        11,
        12,
        15,
        17,
        19,
        20,
        21,
        26,
        27,
        28,
        29,
        30,
        31,
        32,
        36,
        37,
        40,
        41,
        47,
        49,
        51,
        52,
        53
      ]
    },
    "M2 constant Swap": {
      "score": 1.733033,
      "set": [
        10,
        11,
        12,
        15,
        16,
        17,
        19,
        20,
        26,
        29,
        31,
        32,
        33,
        36,
        37,
        40,
        41,
        44,
        47,
        49,
        51,
        52,
        53,
        54,
        59
      ]
    },
    "M2 constant Stingy": {
      "score": 1.733033,
      "set": [
        10,
        11,
        12,
        15,
        16,
        17,
        19,
        20,
        26,
        29,
        31,
        32,
        33,
        36,
        37,
        40,
        41,
        44,
        47,
        49,
        51,
        52,
        53,
        54,
        59
      ]
    },
    "M1 realistic Swap": {
      "score": 1.861968,
      "set": [
        4,
        6,
        10,
        15,
        19,
        20,
        21,
        24,
        27,
        30,
        31,
        32,
        36,
        37,
        38,
        39,
        40,
        41,
        47,
        49,
        51,
        52,
        53,
        55,
        60
      ]
    },
    "M1 realistic Stingy": {
      "score": 1.819074,
      "set": [
        4,
        10,
        15,
        16,
        17,
        19,
        20,
        21,
        26,
        27,
        31,
        32,
        33,
        36,
        37,
        40,
        41,
        44,
        47,
        49,
        51,
        52,
        53,
        54,
        59
      ]
    },
    "M2 realistic Swap": {
      "score": 1.793457,
      "set": [
        1,
        4,
        6,
        10,
        18,
        19,
        20,
        21,
        24,
        30,
        31,
        35,
        36,
        37,
        38,
        39,
        40,
        41,
        42,
        47,
        49,
        53,
        55,
        57,
        60
      ]
    },
    "M2 realistic Stingy": {
      "score": 1.723331,
      "set": [
        4,
        6,
        7,
        10,
        15,
        16,
        19,
        20,
        21,
        24,
        26,
        27,
        30,
        31,
        32,
        36,
        37,
        40,
        41,
        44,
        47,
        49,
        51,
        52,
        53
      ]
    }
  },
  "miqp": {
    "M1 Base": 14785.03,
    "M1 +Comm": 13863.5,
    "M1 +Size": null,
    "M1 +Comm+Size": null,
    "M2 Base": 16446.59,
    "M2 +Comm": 15294.18,
    "M2 +Size": null,
    "M2 +Comm+Size": null
  },
  "backbone": {
    "M1 within": [
      10,
      15,
      16,
      17,
      26,
      28,
      31,
      32,
      37,
      40,
      41,
      44,
      49,
      51,
      52,
      53,
      54
    ],
    "M2 within": [
      10,
      11,
      12,
      15,
      17,
      29,
      31,
      32,
      36,
      37,
      40,
      41,
      49,
      51,
      52,
      53
    ],
    "cross": [
      10,
      15,
      17,
      31,
      32,
      37,
      40,
      41,
      49,
      51,
      52,
      53
    ],
    "global": [
      10,
      31,
      37,
      40,
      41,
      49,
      53
    ]
  }
}