site_id,size
10,50.0
11,50.0
12,50.0
15,50.0
16,50.0
21,24.38467541806899
26,50.0
27,50.0
28,50.0
29,50.0
31,50.0
32,50.0
33,50.0
36,40.0
37,40.0
40,40.0
41,40.0
42,5.0
47,5.615324581931006
48,5.0
49,40.0
51,40.0
52,40.0
53,40.0
59,40.0
