{
  "model": "CANONICAL (self-recruitment KEPT)",
  "workers": 12,
  "heuristics": {
    "M1 Greedy constant": {
      "score": 1.84664,
      "ref": 1.84664,
      "set": [
        4,
        10,
        15,
        16,
        17,
        19,
        20,
        21,
        26,
        27,
        28,
        30,
        31,
        32,
        36,
        37,
        40,
        41,
        44,
        47,
        49,
        51,
        52,
        53,
        54
      ],
      "set_ok": true,
      "pass": true
    },
    "M1 Swap constant": {
      "score": 1.880054,
      "ref": 1.880054,
      "set": [
        10,
        12,
        15,
        16,
        17,
        20,
        21,
        26,
        28,
        29,
        31,
        32,
        33,
        36,
        37,
        40,
        41,
        44,
        47,
        49,
        51,
        52,
        53,
        54,
        59
      ],
      "set_ok": true,
      "pass": true
    },
    "M1 Stingy constant": {
      "score": 1.880054,
      "ref": 1.880054,
      "set": [
        10,
        12,
        15,
        16,
        17,
        20,
        21,
        26,
        28,
        29,
        31,
        32,
        33,
        36,
        37,
        40,
        41,
        44,
        47,
        49,
        51,
        52,
        53,
        54,
        59
      ],
      "set_ok": true,
      "pass": true
    },
    "M1 Greedy realistic": {
      "score": 1.734774,
      "ref": null,
      "set": [
        1,
        3,
        4,
        5,
        6,
        10,
        18,
        19,
        24,
        31,
        32,
        35,
        38,
        39,
        40,
        41,
        42,
        47,
        48,
        49,
        53,
        55,
        56,
        57,
        60
      ],
      "set_ok": null,
      "pass": null
    },
    "M1 Swap realistic": {
      "score": 1.861968,
      "ref": 1.861968,
      "set": [
        4,
        6,
        10,
        15,
        19,
        20,
        21,
        24,
        27,
        30,
        31,
        32,
        36,
        37,
        38,
        39,
        40,
        41,
        47,
        49,
        51,
        52,
        53,
        55,
        60
      ],
      "set_ok": true,
      "pass": true
    },
    "M1 Stingy realistic": {
      "score": 1.819074,
      "ref": 1.819074,
      "set": [
        4,
        10,
        15,
        16,
        17,
        19,
        20,
        21,
        26,
        27,
        31,
        32,
        33,
        36,
        37,
        40,
        41,
        44,
        47,
        49,
        51,
        52,
        53,
        54,
        59
      ],
      "set_ok": true,
      "pass": true
    },
    "M2 Greedy constant": {
      "score": 1.692871,
      "ref": 1.692871,
      "set": [
        4,
        10,
        11,
        12,
        15,
        17,
        19,
        20,
        21,
        26,
        27,
        28,
        29,
        30,
        31,
        32,
        36,
        37,
        40,
        41,
        47,
        49,
        51,
        52,
        53
      ],
      "set_ok": true,
      "pass": true
    },
    "M2 Swap constant": {
      "score": 1.733033,
      "ref": 1.733033,
      "set": [
        10,
        11,
        12,
        15,
        16,
        17,
        19,
        20,
        26,
        29,
        31,
        32,
        33,
        36,
        37,
        40,
        41,
        44,
        47,
        49,
        51,
        52,
        53,
        54,
        59
      ],
      "set_ok": true,
      "pass": true
    },
    "M2 Stingy constant": {
      "score": 1.733033,
      "ref": 1.733033,
      "set": [
        10,
        11,
        12,
        15,
        16,
        17,
        19,
        20,
        26,
        29,
        31,
        32,
        33,
        36,
        37,
        40,
        41,
        44,
        47,
        49,
        51,
        52,
        53,
        54,
        59
      ],
      "set_ok": true,
      "pass": true
    },
    "M2 Greedy realistic": {
      "score": 1.781493,
      "ref": null,
      "set": [
        1,
        4,
        6,
        10,
        18,
        19,
        20,
        24,
        30,
        31,
        35,
        36,
        37,
        38,
        39,
        40,
        41,
        42,
        47,
        48,
        49,
        53,
        55,
        56,
        57
      ],
      "set_ok": null,
      "pass": null
    },
    "M2 Swap realistic": {
      "score": 1.793457,
      "ref": 1.793457,
      "set": [
        1,
        4,
        6,
        10,
        18,
        19,
        20,
        21,
        24,
        30,
        31,
        35,
        36,
        37,
        38,
        39,
        40,
        41,
        42,
        47,
        49,
        53,
        55,
        57,
        60
      ],
      "set_ok": true,
      "pass": true
    },
    "M2 Stingy realistic": {
      "score": 1.723331,
      "ref": 1.723331,
      "set": [
        4,
        6,
        7,
        10,
        15,
        16,
        19,
        20,
        21,
        24,
        26,
        27,
        30,
        31,
        32,
        36,
        37,
        40,
        41,
        44,
        47,
        49,
        51,
        52,
        53
      ],
      "set_ok": true,
      "pass": true
    }
  },
  "miqp": {
    "M1 Base": {
      "objective": 14785.0299,
      "ref": 14785.03,
      "pass": true,
      "n_sites": 25,
      "sites": [
        10,
        11,
        12,
        15,
        16,
        17,
        20,
        26,
        27,
        28,
        29,
        31,
        32,
        33,
        36,
        37,
        40,
        41,
        44,
        49,
        51,
        52,
        53,
        54,
        59
      ],
      "total_area": null
    },
    "M1 +Comm": {
      "objective": 13844.5386,
      "ref": 13844.54,
      "pass": true,
      "n_sites": 25,
      "sites": [
        10,
        12,
        15,
        16,
        17,
        21,
        26,
        28,
        29,
        31,
        32,
        33,
        37,
        40,
        41,
        42,
        44,
        47,
        48,
        49,
        51,
        52,
        53,
        54,
        59
      ],
      "total_area": null
    },
    "M1 +Size": {
      "objective": 58564.1878,
      "ref": 58564.19,
      "pass": true,
      "n_sites": 25,
      "sites": [
        10,
        11,
        12,
        15,
        16,
        17,
        20,
        26,
        27,
        28,
        29,
        31,
        32,
        33,
        36,
        37,
        40,
        41,
        44,
        49,
        51,
        52,
        53,
        54,
        59
      ],
      "total_area": 1000.0
    },
    "M1 +Comm+Size": {
      "objective": 56443.6504,
      "ref": 56443.65,
      "pass": true,
      "n_sites": 25,
      "sites": [
        10,
        12,
        15,
        16,
        17,
        21,
        26,
        28,
        29,
        31,
        32,
        33,
        37,
        40,
        41,
        42,
        44,
        47,
        49,
        51,
        52,
        53,
        54,
        56,
        59
      ],
      "total_area": 1000.0
    },
    "M2 Base": {
      "objective": 16446.5873,
      "ref": 16446.59,
      "pass": true,
      "n_sites": 25,
      "sites": [
        10,
        11,
        12,
        15,
        16,
        17,
        20,
        26,
        27,
        28,
        29,
        31,
        32,
        33,
        36,
        37,
        40,
        41,
        44,
        49,
        51,
        52,
        53,
        54,
        59
      ],
      "total_area": null
    },
    "M2 +Comm": {
      "objective": 15218.1576,
      "ref": 15218.16,
      "pass": true,
      "n_sites": 25,